Date,MMWR_week,Location,Distributed,Distributed_Janssen,Distributed_Moderna,Distributed_Pfizer,Distributed_Unk_Manuf,Dist_Per_100K,Distributed_Per_100k_12Plus,Distributed_Per_100k_18Plus,Distributed_Per_100k_65Plus,Administered,Percent,Greater75Percent
10/28/21,43,MO,"8,411,045","347,900","3,293,640","4,769,505",0,"137,045","160,647","176,449","791,973","6,724,837",79.95245537,1
10/28/21,43,UT,"4,355,130","198,100","1,611,740","2,545,290",0,"135,845","168,005","191,453","1,190,340","3,664,969",84.15291851,1
10/28/21,43,MT,"1,464,145","87,700","619,680","756,765",0,"136,992","159,563","174,264","709,245","1,178,365",80.48144139,1
10/28/21,43,VA2,"6,744,640","559,700","3,192,860","2,992,080",0,0,0,0,0,"5,974,228",88.57741851,1
10/28/21,43,SD,"1,324,315","72,100","553,500","698,715",0,"149,698","179,422","198,382","872,000","1,016,852",76.78324266,1
10/28/21,43,VT,"1,144,350","63,900","477,900","602,550",0,"183,393","207,705","224,389","915,194","964,013",84.24109757,1
10/28/21,43,KY,"6,280,145","315,800","2,695,140","3,269,205",0,"140,569","164,999","181,256","836,723","5,282,155",84.1088064,1
10/28/21,43,IN,"8,990,870","484,500","3,383,240","5,123,130",0,"133,550","157,595","174,098","828,085","7,143,665",79.45465789,1
10/28/21,43,CA,"62,407,505","2,999,800","23,578,660","35,829,045",0,"157,945","185,481","203,829","1,068,970","53,719,846",86.07914385,1
10/28/21,43,MP,"87,480","3,000","21,180","63,300",0,"153,792","180,089","197,454","907,657","72,328",82.67946959,1
10/28/21,43,ID,"2,434,900","127,100","969,680","1,338,120",0,"136,251",0,"181,863","837,685","1,699,050",69.77904637,1
10/28/21,43,FM,"89,640","11,500","74,000","4,140",0,"86,489","101,278","111,042","510,449","75,359",84.06849621,1
10/28/21,43,AZ,"10,673,230","501,400","4,294,860","5,876,970",0,"146,636","171,981","189,293","815,601","8,727,934",81.77406465,1
10/28/21,43,DC,"1,298,955","60,300","499,080","739,575",0,"184,053","213,029","224,896","1,487,190","1,055,543",81.26093668,1
10/28/21,43,OK,"5,320,800","268,900","2,304,320","2,747,580",0,"134,466","160,013","177,081","837,747","4,448,436",83.60464592,1
10/28/21,43,OR,"7,200,945","385,100","2,863,240","3,952,605",0,"170,730","197,407","214,878","939,973","5,579,756",77.48644102,1
10/28/21,43,MD,"10,771,710","492,700","4,025,180","6,253,830",0,"178,172","208,637","228,651","1,122,760","8,488,260",78.80141593,1
10/28/21,43,IL,"19,187,775","963,700","7,171,820","11,052,255",0,"151,421","177,045","194,722","939,089","15,705,319",81.8506523,1
10/28/21,43,WY,"731,765","40,400","333,900","357,465",0,"126,437","149,120","164,432","737,823","565,644",77.29858629,1
10/28/21,43,ME,"2,338,330","131,500","966,000","1,240,830",0,"173,955","197,338","213,474","819,704","1,948,534",83.33015443,1
10/28/21,43,SC,"7,536,555","366,100","3,177,440","3,993,015",0,"146,377","170,511","186,662","804,308","5,668,206",75.20950885,1
10/28/21,43,PR,"5,031,270","198,100","2,095,760","2,737,410",0,"157,538","176,642","191,963","740,267","4,972,903",98.83991517,1
10/28/21,43,GA,"15,557,365","681,200","6,436,100","8,440,065",0,"146,527","173,088","191,746","1,025,570","11,360,060",73.0204633,0
10/28/21,43,NC,"15,736,130","759,600","6,165,560","8,810,970",0,"150,038","175,128","192,200","898,646","12,251,122",77.85346206,1
10/28/21,43,IH2,"2,221,915","90,300","1,056,040","1,075,575",0,"106,679",0,0,0,"1,717,785",77.31101325,1
10/28/21,43,RP,"33,090","3,800","22,900","6,390",0,"184,788","216,388","237,255","1,090,640","31,592",95.47295255,1
10/28/21,43,CO,"8,906,305","404,000","3,466,640","5,035,665",0,"154,657","180,433","197,952","1,057,240","7,651,943",85.91602241,1
10/28/21,43,NH,"2,313,470","136,900","897,760","1,278,810",0,"170,144","193,019","209,467","911,303","1,901,441",82.1900003,1
10/28/21,43,TN,"9,246,800","424,900","3,603,520","5,218,380",0,"135,401","158,456","173,841","808,716","7,397,726",80.00309296,1
10/28/21,43,AK,"1,140,925","74,200","451,140","615,585",0,"155,961","187,382","206,853","1,245,720","863,531",75.6869207,1
10/28/21,43,NJ,"14,948,525","733,700","5,759,640","8,455,185",0,"168,298","196,217","215,285","1,013,090","12,217,932",81.73336165,1
10/28/21,43,KS,"4,189,435","211,700","1,698,560","2,279,175",0,"143,803","170,879","189,305","881,083","3,304,696",78.88166304,1
10/28/21,43,CT,"6,086,525","288,200","2,418,840","3,379,485",0,"170,716","195,964","214,477","965,741","5,357,571",88.02347809,1
10/28/21,43,AS,"71,820",600,"20,700","50,520",0,"128,966","151,019","165,579","761,128","65,651",91.41047062,1
10/28/21,43,MN,"8,530,430","412,000","3,226,420","4,892,010",0,"151,259","178,532","196,713","926,836","7,135,788",83.65097656,1
10/28/21,43,MH,"57,140","11,300","43,500","2,340",0,"97,821","114,546","125,591","577,347","42,025",73.54742737,0
10/28/21,43,NE,"2,782,630","126,600","1,049,560","1,606,470",0,"143,849","172,043","190,809","890,561","2,318,461",83.31905428,1
10/28/21,43,DD2,"5,554,500","199,700","1,907,800","3,447,000",0,0,0,0,0,"6,196,009",111.5493564,1
10/28/21,43,DE,"1,672,295","76,000","665,680","930,615",0,"171,735","199,128","217,127","885,252","1,290,314",77.1582765,1
10/28/21,43,MS,"4,054,645","186,300","1,696,360","2,171,985",0,"136,238","160,808","178,025","833,101","2,957,744",72.94705208,1
10/28/21,43,OH,"16,313,635","773,100","6,538,000","9,002,535",0,"139,563","163,125","179,053","797,218","12,861,705",78.84021556,1
10/28/21,43,MA,"11,807,440","520,900","4,618,140","6,668,400",0,"171,308","196,243","213,142","1,009,760","10,356,035",87.70770802,1
10/28/21,43,WI,"8,164,205","368,700","3,185,300","4,610,205",0,"140,220","163,291","179,203","802,582","7,273,809",89.09390443,1
10/28/21,43,VI,"115,980","1,700","31,000","83,280",0,"110,795","129,739","142,249","653,887","108,556",93.59889636,1
10/28/21,43,TX,"44,221,085","2,180,000","17,069,040","24,972,045",0,"152,508","183,482","204,764","1,184,210","34,292,378",77.54757261,1
10/28/21,43,NY,"31,798,375","1,506,800","11,980,220","18,311,355",0,"163,458","189,578","206,145","964,714","27,387,977",86.13011514,1
10/28/21,43,FL,"35,008,925","1,908,300","13,591,940","19,508,685",0,"163,001","187,253","202,976","778,437","28,354,807",80.99308105,1
10/28/21,43,BP2,"266,170","13,700","113,240","139,230",0,0,0,0,0,"237,812",89.34590675,1
10/28/21,43,VA,"13,750,915","627,200","5,139,680","7,984,035",0,"161,102","188,189","206,016","1,011,910","11,691,565",85.02390568,1
10/28/21,43,IA,"4,667,935","233,100","1,840,840","2,593,995",0,"147,950","174,419","192,236","844,181","3,690,242",79.05512823,1
10/28/21,43,ND,"1,015,540","43,600","398,160","573,780",0,"133,262","159,364","174,524","847,378","794,566",78.24073892,1
10/28/21,43,LA,"6,130,320","269,100","2,611,620","3,249,600",0,"131,869","156,253","172,144","827,279","4,831,989",78.82115452,1
10/28/21,43,WV,"3,137,555","132,900","1,254,140","1,750,515",0,"175,072","201,405","219,014","854,894","1,588,844",50.63955851,0
10/28/21,43,HI,"2,553,310","103,800","951,400","1,498,110",0,"180,335","210,824","228,790","951,138","1,969,150",77.12146195,1
10/28/21,43,NV,"4,301,670","216,200","1,552,060","2,533,410",0,"139,658","164,073","180,173","867,321","3,612,712",83.98394112,1
10/28/21,43,MI,"14,572,780","754,100","6,021,140","7,797,540",0,"145,920","169,549","185,808","825,466","11,374,039",78.04989165,1
10/28/21,43,NM,"3,209,565","157,300","1,313,660","1,738,605",0,"153,068","179,563","198,000","849,977","2,800,041",87.2405139,1
10/28/21,43,AR,"4,360,520","206,900","1,896,780","2,256,840",0,"144,493","170,516","188,144","832,348","3,216,545",73.76517021,0
10/28/21,43,RI,"1,826,245","79,300","719,460","1,027,485",0,"172,391","196,902","213,629","976,361","1,552,354",85.00250514,1
10/28/21,43,PA,"20,803,935","1,226,600","8,447,080","11,130,255",0,"162,505","187,735","204,615","869,235","17,447,607",83.8668598,1
10/28/21,43,AL,"7,163,060","328,400","3,196,680","3,637,980",0,"146,090","171,083","187,766","842,875","4,827,200",67.39019358,0
10/28/21,43,WA,"12,357,105","627,700","4,754,960","6,974,445",0,"162,275","190,082","207,619","1,021,480","10,249,518",82.94433041,1
10/28/21,43,GU,"247,230","20,500","76,580","150,150",0,"149,142","174,644","191,482","880,229","254,958",103.1258342,1
10/28/21,43,US,"510,735,525","24,987,400","200,127,620","285,601,155","19,350","153,838","180,125","197,760","933,761","417,795,537",81.80271717,1
10/27/21,43,OK,"5,303,280","264,200","2,293,840","2,745,240",0,"134,024","159,486","176,498","834,989","4,428,587",83.50656575,1
10/27/21,43,IA,"4,636,035","232,300","1,831,700","2,572,035",0,"146,939","173,227","190,922","838,412","3,670,258",79.16803907,1
10/27/21,43,RP,"33,090","3,800","22,900","6,390",0,"184,788","216,388","237,255","1,090,640","31,592",95.47295255,1
10/27/21,43,TN,"9,213,340","419,100","3,585,220","5,209,020",0,"134,911","157,882","173,212","805,789","7,364,052",79.92814766,1
10/27/21,43,MH,"57,140","11,300","43,500","2,340",0,"97,821","114,546","125,591","577,347","42,025",73.54742737,0
10/27/21,43,NV,"4,267,880","211,600","1,531,060","2,525,220",0,"138,561","162,784","178,758","860,508","3,597,492",84.29224814,1
10/27/21,43,ME,"2,327,320","127,900","961,380","1,238,040",0,"173,136","196,409","212,469","815,845","1,938,217",83.28107007,1
10/27/21,43,UT,"4,328,350","195,700","1,592,040","2,540,610",0,"135,010","166,972","190,276","1,183,020","3,657,672",84.50499613,1
10/27/21,43,KY,"6,240,815","310,500","2,665,520","3,264,795",0,"139,688","163,966","180,120","831,483","5,262,162",84.31850648,1
10/27/21,43,CT,"6,040,955","283,800","2,391,440","3,365,715",0,"169,438","194,496","212,871","958,511","5,331,905",88.26261742,1
10/27/21,43,CA,"61,979,205","2,976,300","23,388,420","35,614,485",0,"156,861","184,208","202,430","1,061,630","53,508,602",86.33315319,1
10/27/21,43,IL,"19,112,595","961,200","7,133,520","11,017,875",0,"150,828","176,351","193,959","935,410","15,704,678",82.16926064,1
10/27/21,43,RI,"1,819,275","79,200","716,100","1,023,975",0,"171,733","196,150","212,814","972,635","1,543,228",84.82653804,1
10/27/21,43,NJ,"14,837,985","723,400","5,687,480","8,427,105",0,"167,053","194,766","213,693","1,005,600","12,178,316",82.07526831,1
10/27/21,43,OH,"16,117,895","763,900","6,429,580","8,924,415",0,"137,888","161,168","176,904","787,653","12,811,065",79.48348714,1
10/27/21,43,PA,"20,584,245","1,206,700","8,262,500","11,115,045",0,"160,789","185,753","202,454","860,056","17,298,592",84.03802034,1
10/27/21,43,WA,"12,222,455","616,200","4,672,760","6,933,495",0,"160,507","188,011","205,356","1,010,350","10,212,125",83.55215871,1
10/27/21,43,ID,"2,416,460","126,300","952,040","1,338,120",0,"135,219",0,"180,486","831,341","1,691,184",69.9860126,1
10/27/21,43,WI,"8,110,185","365,500","3,157,160","4,587,525",0,"139,292","162,210","178,017","797,271","7,243,291",89.31104531,1
10/27/21,43,IH2,"2,215,855","89,800","1,052,820","1,073,235",0,"106,388",0,0,0,"1,713,807",77.34292181,1
10/27/21,43,DE,"1,657,815","75,100","652,100","930,615",0,"170,248","197,404","215,247","877,587","1,290,219",77.82647642,1
10/27/21,43,OR,"7,163,565","382,300","2,828,660","3,952,605",0,"169,844","196,382","213,763","935,094","5,559,310",77.60535432,1
10/27/21,43,MD,"10,695,110","488,700","3,991,820","6,214,590",0,"176,905","207,154","227,025","1,114,780","8,453,263",79.03857931,1
10/27/21,43,KS,"4,179,155","211,200","1,691,120","2,276,835",0,"143,450","170,460","188,840","878,921","3,291,195",78.75264258,1
10/27/21,43,US,"507,637,305","24,739,400","198,257,320","284,621,235","19,350","152,905","179,032","196,561","928,097","416,154,424",81.97869225,1
10/27/21,43,VT,"1,140,020","63,400","475,240","601,380",0,"182,699","206,919","223,540","911,732","960,686",84.26922335,1
10/27/21,43,MN,"8,476,800","408,700","3,193,460","4,874,640",0,"150,308","177,410","195,477","921,009","7,103,620",83.80072669,1
10/27/21,43,MT,"1,446,885","86,500","605,960","754,425",0,"135,378","157,682","172,209","700,885","1,172,257",81.01936229,1
10/27/21,43,DC,"1,296,435","59,600","497,260","739,575",0,"183,696","212,616","224,459","1,484,300","1,055,341",81.40330985,1
10/27/21,43,AK,"1,135,685","73,100","447,000","615,585",0,"155,245","186,521","205,903","1,239,990","860,049",75.72953768,1
10/27/21,43,ND,"1,004,390","42,500","389,280","572,610",0,"131,799","157,614","172,608","838,074","791,214",78.77557522,1
10/27/21,43,NE,"2,769,970","125,900","1,039,940","1,604,130",0,"143,195","171,260","189,941","886,510","2,310,092",83.39772633,1
10/27/21,43,VI,"115,600","1,600","30,720","83,280",0,"110,432","129,314","141,783","651,745","108,256",93.64705882,1
10/27/21,43,VA,"13,685,285","619,000","5,098,360","7,967,925",0,"160,333","187,291","205,033","1,007,080","11,579,358",84.61174174,1
10/27/21,43,MI,"14,457,510","746,100","5,921,340","7,790,070",0,"144,765","168,208","184,338","818,936","11,322,161",78.3133541,1
10/27/21,43,NM,"3,196,735","156,600","1,306,660","1,733,475",0,"152,456","178,845","197,209","846,580","2,785,978",87.15073348,1
10/27/21,43,TX,"44,055,335","2,170,100","16,964,400","24,920,835",0,"151,937","182,794","203,997","1,179,770","34,149,404",77.51479815,1
10/27/21,43,CO,"8,829,675","397,400","3,404,800","5,027,475",0,"153,327","178,881","196,249","1,048,140","7,617,448",86.27098959,1
10/27/21,43,MP,"87,480","3,000","21,180","63,300",0,"153,792","180,089","197,454","907,657","72,188",82.51943301,1
10/27/21,43,AS,"70,650",600,"20,700","49,350",0,"126,865","148,559","162,882","748,728","65,566",92.8039632,1
10/27/21,43,IN,"8,957,570","483,100","3,357,640","5,116,830",0,"133,055","157,012","173,454","825,018","7,119,183",79.47672192,1
10/27/21,43,MS,"4,041,645","184,500","1,687,500","2,169,645",0,"135,801","160,292","177,455","830,430","2,957,457",73.17458609,0
10/27/21,43,AL,"7,123,260","326,900","3,176,380","3,619,980",0,"145,278","170,133","186,723","838,191","4,805,213",67.45805993,0
10/27/21,43,SD,"1,313,975","71,800","545,800","696,375",0,"148,529","178,021","196,833","865,192","1,012,993",77.09378032,1
10/27/21,43,SC,"7,497,605","362,700","3,157,280","3,977,625",0,"145,621","169,630","185,698","800,152","5,641,914",75.24954969,1
10/27/21,43,FL,"34,931,055","1,901,400","13,558,860","19,470,795",0,"162,638","186,837","202,525","776,705","28,254,950",80.88776591,1
10/27/21,43,GU,"247,230","20,500","76,580","150,150",0,"149,142","174,644","191,482","880,229","254,349",102.8795049,1
10/27/21,43,NH,"2,278,770","133,100","871,540","1,274,130",0,"167,592","190,124","206,325","897,634","1,898,613",83.31744757,1
10/27/21,43,NC,"15,667,170","751,400","6,130,720","8,785,050",0,"149,381","174,360","191,358","894,708","12,207,052",77.91484997,1
10/27/21,43,PR,"5,013,470","197,100","2,078,960","2,737,410",0,"156,980","176,017","191,284","737,648","4,972,779",99.18836654,1
10/27/21,43,DD2,"5,541,400","198,900","1,907,200","3,435,300",0,0,0,0,0,"6,183,581",111.5887862,1
10/27/21,43,MA,"11,741,180","509,700","4,588,100","6,643,380",0,"170,347","195,142","211,946","1,004,090","10,300,165",87.72682984,1
10/27/21,43,HI,"2,528,230","102,800","943,700","1,481,730",0,"178,563","208,753","226,543","941,795","1,964,997",77.72224046,1
10/27/21,43,GA,"15,472,285","675,700","6,398,820","8,397,765",0,"145,725","172,142","190,697","1,019,960","11,359,371",73.41753981,0
10/27/21,43,MO,"8,334,485","346,800","3,255,620","4,732,065",0,"135,798","159,185","174,843","784,764","6,698,541",80.37138467,1
10/27/21,43,AZ,"10,579,670","483,300","4,238,120","5,858,250",0,"145,351","170,473","187,633","808,452","8,693,284",82.16970851,1
10/27/21,43,NY,"31,602,965","1,491,200","11,848,020","18,263,745",0,"162,453","188,413","204,878","958,785","27,303,379",86.39499174,1
10/27/21,43,VA2,"6,742,300","559,700","3,192,860","2,989,740",0,0,0,0,0,"5,957,256",88.35643623,1
10/27/21,43,BP2,"264,310","13,300","111,780","139,230",0,0,0,0,0,"237,617",89.90087397,1
10/27/21,43,WV,"3,132,935","132,300","1,250,120","1,750,515",0,"174,815","201,108","218,692","853,635","1,588,246",50.69514688,0
10/27/21,43,FM,"89,640","11,500","74,000","4,140",0,"86,489","101,278","111,042","510,449","75,359",84.06849621,1
10/27/21,43,WY,"723,265","39,800","328,340","355,125",0,"124,968","147,388","162,522","729,252","563,122",77.85832302,1
10/27/21,43,AR,"4,350,700","205,400","1,890,260","2,255,040",0,"144,168","170,132","187,720","830,473","3,203,398",73.62948491,0
10/27/21,43,LA,"6,100,610","267,800","2,598,420","3,234,390",0,"131,230","155,496","171,309","823,270","4,815,169",78.92930379,1
10/26/21,43,DD2,"5,537,890","198,900","1,907,200","3,431,790",0,0,0,0,0,"6,171,206",111.4360524,1
10/26/21,43,MT,"1,438,095","85,100","602,080","750,915",0,"134,555","156,724","171,163","696,627","1,168,708",81.26778829,1
10/26/21,43,NC,"15,503,720","748,500","6,087,260","8,667,960",0,"147,822","172,541","189,361","885,373","12,143,834",78.32851728,1
10/26/21,43,MO,"8,280,715","341,900","3,224,300","4,714,515",0,"134,922","158,158","173,715","779,701","6,681,567",80.68828598,1
10/26/21,43,BP2,"263,930","13,200","111,500","139,230",0,0,0,0,0,"237,382",89.94127231,1
10/26/21,43,CT,"6,007,045","281,300","2,373,800","3,351,945",0,"168,487","193,405","211,676","953,130","5,318,629",88.53985612,1
10/26/21,43,IA,"4,563,315","230,400","1,797,600","2,535,315",0,"144,634","170,510","187,928","825,261","3,657,561",80.15140309,1
10/26/21,43,US,"504,584,715","24,415,200","196,762,200","283,387,965","19,350","151,985","177,955","195,379","922,516","415,012,026",82.24823576,1
10/26/21,43,MP,"86,860","2,800","20,760","63,300",0,"152,702","178,813","196,055","901,224","72,074",82.9772047,1
10/26/21,43,RP,"33,090","3,800","22,900","6,390",0,"184,788","216,388","237,255","1,090,640","31,592",95.47295255,1
10/26/21,43,DE,"1,642,375","72,800","648,320","921,255",0,"168,663","195,566","213,242","869,414","1,286,334",78.32157698,1
10/26/21,43,NY,"31,449,815","1,469,800","11,778,280","18,201,735",0,"161,666","187,500","203,885","954,139","27,238,541",86.60954285,1
10/26/21,43,IH2,"2,201,375","89,600","1,045,560","1,066,215",0,"105,692",0,0,0,"1,710,464",77.69980126,1
10/26/21,43,KY,"6,204,035","305,500","2,640,940","3,257,595",0,"138,865","163,000","179,059","826,583","5,247,763",84.58628941,1
10/26/21,43,OH,"16,011,445","747,200","6,358,280","8,905,965",0,"136,978","160,103","175,736","782,451","12,768,269",79.74463891,1
10/26/21,43,AS,"70,650",600,"20,700","49,350",0,"126,865","148,559","162,882","748,728","65,566",92.8039632,1
10/26/21,43,VI,"115,260","1,500","30,480","83,280",0,"110,107","128,933","141,366","649,828","108,001",93.7020649,1
10/26/21,43,IL,"19,000,955","932,800","7,080,160","10,987,995",0,"149,947","175,321","192,826","929,946","15,703,895",82.6479248,1
10/26/21,43,GA,"15,381,505","671,300","6,328,820","8,381,385",0,"144,870","171,132","189,578","1,013,970","11,322,900",73.61373286,1
10/26/21,43,KS,"4,151,605","210,300","1,673,560","2,267,745",0,"142,505","169,336","187,595","873,127","3,281,118",79.03251875,1
10/26/21,43,SC,"7,409,435","361,000","3,137,680","3,910,755",0,"143,908","167,635","183,514","790,742","5,624,217",75.90615209,1
10/26/21,43,SD,"1,295,605","70,400","537,020","688,185",0,"146,452","175,532","194,081","853,096","1,003,861",77.48202577,1
10/26/21,43,AZ,"10,512,540","480,400","4,191,440","5,840,700",0,"144,428","169,392","186,443","803,322","8,674,092",82.51185727,1
10/26/21,43,WA,"12,154,955","607,200","4,629,920","6,917,835",0,"159,621","186,973","204,222","1,004,770","10,183,333",83.77927356,1
10/26/21,43,HI,"2,503,510","102,700","930,060","1,470,750",0,"176,818","206,712","224,328","932,587","1,960,896",78.32587048,1
10/26/21,43,TN,"9,163,910","415,000","3,554,380","5,194,530",0,"134,188","157,035","172,282","801,466","7,338,536",80.08083886,1
10/26/21,43,VA,"13,619,725","611,300","5,053,820","7,954,605",0,"159,565","186,394","204,051","1,002,260","11,552,062",84.81861418,1
10/26/21,43,CA,"61,579,135","2,946,400","23,264,580","35,368,155",0,"155,848","183,019","201,123","1,054,780","53,371,159",86.67084882,1
10/26/21,43,ME,"2,308,490","125,700","950,600","1,232,190",0,"171,736","194,820","210,750","809,244","1,931,683",83.67733887,1
10/26/21,43,WV,"3,123,975","131,500","1,243,580","1,748,895",0,"174,315","200,533","218,066","851,194","1,587,605",50.82002897,0
10/26/21,43,MA,"11,667,690","505,000","4,533,800","6,628,890",0,"169,281","193,920","210,619","997,808","10,275,420",88.06730381,1
10/26/21,43,LA,"6,082,060","265,800","2,588,620","3,227,640",0,"130,831","155,023","170,789","820,766","4,801,994",78.95341381,1
10/26/21,43,FM,"88,470","11,500","74,000","2,970",0,"85,360","99,956","109,593","503,787","75,359",85.1802871,1
10/26/21,43,UT,"4,280,270","194,800","1,567,540","2,517,930",0,"133,510","165,118","188,162","1,169,880","3,651,697",85.31464137,1
10/26/21,43,ID,"2,396,700","125,300","944,980","1,326,420",0,"134,114",0,"179,010","824,543","1,684,715",70.29311136,1
10/26/21,43,NE,"2,744,840","124,300","1,020,820","1,599,720",0,"141,896","169,706","188,218","878,467","2,304,755",83.96682502,1
10/26/21,43,OR,"7,126,045","378,100","2,813,340","3,934,605",0,"168,954","195,354","212,643","930,196","5,543,220",77.78817002,1
10/26/21,43,MS,"4,021,275","182,800","1,676,300","2,162,175",0,"135,117","159,484","176,560","826,245","2,930,327",72.87059453,0
10/26/21,43,VT,"1,133,310","62,200","470,900","600,210",0,"181,623","205,701","222,225","906,365","958,888",84.60950667,1
10/26/21,43,MD,"10,617,120","482,700","3,960,240","6,174,180",0,"175,615","205,643","225,369","1,106,650","8,414,424",79.25335684,1
10/26/21,43,AK,"1,134,615","73,000","446,480","615,135",0,"155,098","186,346","205,709","1,238,830","857,746",75.59797817,1
10/26/21,43,NJ,"14,789,125","715,000","5,659,620","8,414,505",0,"166,503","194,124","212,989","1,002,290","12,132,095",82.03389315,1
10/26/21,43,DC,"1,291,005","58,700","493,900","738,405",0,"182,927","211,726","223,519","1,478,090","1,052,848",81.55258887,1
10/26/21,43,NM,"3,151,915","151,300","1,302,240","1,698,375",0,"150,318","176,338","194,444","834,710","2,777,502",88.12109464,1
10/26/21,43,AR,"4,326,450","204,200","1,881,160","2,241,090",0,"143,364","169,184","186,674","825,844","3,191,594",73.769349,0
10/26/21,43,RI,"1,796,815","78,800","705,740","1,012,275",0,"169,613","193,729","210,187","960,627","1,538,896",85.64576765,1
10/26/21,43,NV,"4,257,240","211,100","1,523,260","2,522,880",0,"138,215","162,378","178,312","858,363","3,589,453",84.31408612,1
10/26/21,43,PR,"4,994,730","196,200","2,061,120","2,737,410",0,"156,394","175,359","190,569","734,891","4,962,813",99.36098648,1
10/26/21,43,MI,"14,329,880","721,000","5,866,060","7,742,820",0,"143,487","166,723","182,711","811,707","11,287,404",78.7683079,1
10/26/21,43,VA2,"6,699,540","559,100","3,190,480","2,949,960",0,0,0,0,0,"5,944,123",88.72434525,1
10/26/21,43,CO,"8,770,825","389,900","3,382,700","4,998,225",0,"152,305","177,689","194,941","1,041,160","7,592,935",86.57036254,1
10/26/21,43,TX,"43,892,075","2,147,700","16,867,280","24,877,095",0,"151,373","182,116","203,241","1,175,400","34,033,731",77.53958089,1
10/26/21,43,WY,"717,185","39,100","325,300","352,785",0,"123,918","146,149","161,156","723,122","561,249",78.25721397,1
10/26/21,43,MN,"8,441,480","404,900","3,172,380","4,864,200",0,"149,681","176,671","194,662","917,171","7,078,894",83.85844662,1
10/26/21,43,OK,"5,281,030","263,000","2,288,000","2,730,030",0,"133,461","158,817","175,757","831,485","4,412,151",83.54716788,1
10/26/21,43,NH,"2,268,450","131,000","865,660","1,271,790",0,"166,833","189,263","205,390","893,569","1,889,321",83.28686989,1
10/26/21,43,ND,"998,540","42,500","389,280","566,760",0,"131,031","156,696","171,603","833,193","799,805",80.09744227,1
10/26/21,43,WI,"8,072,765","361,300","3,133,300","4,578,165",0,"138,649","161,462","177,196","793,593","7,222,746",89.47053457,1
10/26/21,43,PA,"20,498,415","1,189,800","8,239,380","11,069,235",0,"160,119","184,978","201,610","856,469","17,296,417",84.37928981,1
10/26/21,43,AL,"7,069,650","319,200","3,141,900","3,608,550",0,"144,185","168,852","185,318","831,883","4,779,470",67.60546845,0
10/26/21,43,IN,"8,903,050","475,600","3,326,280","5,101,170",0,"132,245","156,056","172,398","819,996","7,109,839",79.85846423,1
10/26/21,43,GU,"247,230","20,500","76,580","150,150",0,"149,142","174,644","191,482","880,229","253,607",102.5793795,1
10/26/21,43,MH,"57,140","11,300","43,500","2,340",0,"97,821","114,546","125,591","577,347","42,025",73.54742737,0
10/26/21,43,FL,"34,728,575","1,870,100","13,434,840","19,423,635",0,"161,696","185,754","201,351","772,203","28,188,800",81.16889334,1
10/25/21,43,FL,"34,664,565","1,862,100","13,398,720","19,403,745",0,"161,398","185,411","200,980","770,780","28,141,859",81.18336116,1
10/25/21,43,AR,"4,323,790","202,800","1,879,900","2,241,090",0,"143,276","169,080","186,559","825,337","3,189,087",73.75675044,0
10/25/21,43,NV,"4,254,060","210,700","1,520,480","2,522,880",0,"138,112","162,257","178,179","857,722","3,580,718",84.17177943,1
10/25/21,43,SC,"7,398,485","360,600","3,128,300","3,909,585",0,"143,696","167,388","183,243","789,573","5,614,897",75.89252394,1
10/25/21,43,ME,"2,302,770","125,200","949,340","1,228,230",0,"171,310","194,337","210,228","807,239","1,919,012",83.33494009,1
10/25/21,43,NC,"15,385,870","728,900","5,994,860","8,662,110",0,"146,699","171,230","187,922","878,643","12,122,081",78.78710141,1
10/25/21,43,RI,"1,794,565","78,700","704,760","1,011,105",0,"169,401","193,486","209,924","959,424","1,536,391",85.61356095,1
10/25/21,43,MH,"57,140","11,300","43,500","2,340",0,"97,821","114,546","125,591","577,347","42,025",73.54742737,0
10/25/21,43,MT,"1,435,885","84,900","601,240","749,745",0,"134,348","156,483","170,900","695,556","1,158,737",80.69845426,1
10/25/21,43,NY,"31,361,205","1,466,900","11,761,060","18,133,245",0,"161,211","186,972","203,311","951,451","27,199,492",86.72974141,1
10/25/21,43,MO,"8,275,355","341,300","3,219,540","4,714,515",0,"134,834","158,056","173,602","779,196","6,672,934",80.63622648,1
10/25/21,43,OK,"5,266,460","262,700","2,286,600","2,717,160",0,"133,093","158,379","175,272","829,191","4,405,452",83.6511053,1
10/25/21,43,UT,"4,278,230","194,300","1,566,000","2,517,930",0,"133,446","165,039","188,073","1,169,320","3,641,273",85.11167001,1
10/25/21,43,CT,"5,979,585","280,200","2,367,780","3,331,605",0,"167,717","192,521","210,709","948,773","5,310,937",88.8178193,1
10/25/21,43,IH2,"2,200,095","89,000","1,044,880","1,066,215",0,"105,631",0,0,0,"1,708,918",77.67473677,1
10/25/21,43,VI,"115,260","1,500","30,480","83,280",0,"110,107","128,933","141,366","649,828","107,633",93.38278674,1
10/25/21,43,US,"503,418,475","24,268,700","196,213,880","282,916,545","19,350","151,634","177,544","194,927","920,384","414,302,192",82.29777264,1
10/25/21,43,BP2,"263,010","13,000","110,780","139,230",0,0,0,0,0,"236,851",90.05399034,1
10/25/21,43,DE,"1,632,535","68,700","642,580","921,255",0,"167,652","194,394","211,965","864,205","1,283,811",78.63911034,1
10/25/21,43,PR,"4,987,790","195,900","2,054,480","2,737,410",0,"156,176","175,115","190,304","918,684","4,958,720",99.41717675,1
10/25/21,43,NM,"3,142,365","151,200","1,293,960","1,697,205",0,"149,863","175,803","193,855","832,181","2,957,067",94.10323117,1
10/25/21,43,AL,"7,058,840","317,500","3,136,300","3,605,040",0,"143,964","168,594","185,034","830,611","4,773,728",67.62765554,0
10/25/21,43,CA,"61,486,935","2,929,000","23,220,200","35,337,735",0,"155,615","182,745","200,822","1,053,200","53,283,990",86.65904391,1
10/25/21,43,WV,"3,121,575","131,200","1,241,480","1,748,895",0,"174,181","200,379","217,899","850,540","1,587,090",50.84260349,0
10/25/21,43,NH,"2,265,530","130,700","865,380","1,269,450",0,"166,618","189,020","205,126","892,419","1,884,965",83.20194392,1
10/25/21,43,MA,"11,646,150","503,500","4,520,780","6,621,870",0,"168,968","193,562","210,231","995,966","10,260,823",88.1048501,1
10/25/21,43,OR,"7,108,555","375,800","2,806,340","3,926,415",0,"168,540","194,874","212,121","927,913","5,534,888",77.86235037,1
10/25/21,43,ND,"997,460","42,400","388,300","566,760",0,"130,890","156,527","171,417","832,292","799,769",80.18055862,1
10/25/21,43,GA,"15,353,515","658,300","6,317,340","8,377,875",0,"144,607","170,820","189,233","1,012,130","11,223,622",73.10131914,0
10/25/21,43,IN,"8,881,960","472,700","3,313,940","5,095,320",0,"131,932","155,686","171,990","818,054","7,100,607",79.94414521,1
10/25/21,43,OH,"15,993,115","743,100","6,349,180","8,900,835",0,"136,821","159,920","175,535","781,555","12,757,608",79.76937576,1
10/25/21,43,MD,"10,598,410","479,400","3,950,680","6,168,330",0,"175,306","205,281","224,972","1,104,700","8,391,832",79.18010343,1
10/25/21,43,KS,"4,148,765","210,200","1,672,440","2,266,125",0,"142,407","169,220","187,467","872,530","3,277,118",78.99020552,1
10/25/21,43,AZ,"10,500,600","479,800","4,186,400","5,834,400",0,"144,264","169,199","186,231","802,410","8,656,911",82.44206045,1
10/25/21,43,MP,"86,860","2,800","20,760","63,300",0,"152,702","178,813","196,055","901,224","71,884",82.75846189,1
10/25/21,43,MS,"4,009,685","182,600","1,672,380","2,154,705",0,"134,727","159,025","176,051","823,863","2,930,327",73.08122708,0
10/25/21,43,WY,"716,045","38,800","324,460","352,785",0,"123,721","145,917","160,900","721,972","557,481",77.8555817,1
10/25/21,43,NJ,"14,739,795","700,100","5,633,020","8,406,675",0,"165,948","193,477","212,278","998,946","12,103,219",82.11253277,1
10/25/21,43,AS,"70,650",600,"20,700","49,350",0,"126,865","148,559","162,882","748,728","65,441",92.62703468,1
10/25/21,43,VA,"13,560,485","609,400","5,045,620","7,905,465",0,"158,871","185,583","203,163","997,897","11,525,647",84.99435677,1
10/25/21,43,PA,"20,443,185","1,186,900","8,224,940","11,031,345",0,"159,688","184,480","201,066","854,162","17,265,727",84.45712838,1
10/25/21,43,FM,"88,470","11,500","74,000","2,970",0,"85,360","99,956","109,593","503,787","75,240",85.04577823,1
10/25/21,43,TX,"43,802,845","2,127,500","16,834,520","24,840,825",0,"151,066","181,746","202,828","1,173,010","33,951,683",77.51022337,1
10/25/21,43,WA,"12,133,655","607,000","4,627,540","6,899,115",0,"159,341","186,645","203,864","1,003,010","10,107,737",83.30331627,1
10/25/21,43,KY,"6,185,465","302,400","2,631,320","3,251,745",0,"138,449","162,512","178,523","824,109","5,241,800",84.7438309,1
10/25/21,43,DC,"1,289,905","58,300","493,200","738,405",0,"182,771","211,545","223,329","1,476,830","1,051,871",81.54639295,1
10/25/21,43,NE,"2,740,510","124,300","1,017,660","1,598,550",0,"141,672","169,438","187,921","877,081","2,288,596",83.50985765,1
10/25/21,43,HI,"2,490,360","101,000","924,460","1,464,900",0,"175,889","205,626","223,150","927,688","1,958,424",78.6401966,1
10/25/21,43,WI,"8,043,745","361,100","3,130,220","4,552,425",0,"138,151","160,882","176,559","790,740","7,214,379",89.68930517,1
10/25/21,43,GU,"247,230","20,500","76,580","150,150",0,"149,142","174,644","191,482","880,229","253,589",102.5720989,1
10/25/21,43,SD,"1,290,315","70,200","535,440","684,675",0,"145,855","174,816","193,289","849,613","1,003,680",77.78565699,1
10/25/21,43,RP,"33,090","3,800","22,900","6,390",0,"184,788","216,388","237,255","1,090,640","31,592",95.47295255,1
10/25/21,43,CO,"8,761,605","389,800","3,375,920","4,995,885",0,"152,145","177,502","194,736","1,040,060","7,579,455",86.50760905,1
10/25/21,43,IA,"4,521,285","229,900","1,757,240","2,534,145",0,"143,302","168,939","186,197","817,660","3,630,676",80.30186109,1
10/25/21,43,MN,"8,428,160","404,700","3,166,280","4,857,180",0,"149,445","176,392","194,355","915,724","7,070,207",83.88790673,1
10/25/21,43,VA2,"6,631,120","542,900","3,138,260","2,949,960",0,0,0,0,0,"5,944,109",89.63959331,1
10/25/21,43,IL,"18,958,985","928,600","7,055,260","10,975,125",0,"149,615","174,934","192,400","927,892","15,703,827",82.830526,1
10/25/21,43,DD2,"5,536,790","198,600","1,906,400","3,431,790",0,0,0,0,0,"6,165,612",111.3571582,1
10/25/21,43,ID,"2,383,680","124,000","935,600","1,324,080",0,"133,385",0,"178,038","820,064","1,681,655",70.54868942,0
10/25/21,43,LA,"6,065,500","265,800","2,586,100","3,213,600",0,"130,475","154,601","170,324","818,532","4,797,565",79.09595252,1
10/25/21,43,TN,"9,149,530","414,100","3,543,240","5,192,190",0,"133,977","156,789","172,012","800,209","7,292,825",79.70709971,1
10/25/21,43,AK,"1,130,765","72,400","444,400","613,965",0,"154,572","185,713","205,011","1,234,620","856,505",75.74562354,1
10/25/21,43,MI,"14,303,410","716,900","5,856,560","7,729,950",0,"143,222","166,415","182,373","810,207","11,268,319",78.78064741,1
10/25/21,43,VT,"1,128,950","61,900","466,840","600,210",0,"180,925","204,910","221,370","902,878","956,952",84.76478143,1
10/24/21,43,GU,"247,230","20,500","76,580","150,150",0,"149,142","174,644","191,482","880,229","253,565",102.5623913,1
10/24/21,43,MI,"14,303,690","716,900","5,856,840","7,729,950",0,"143,225","166,419","182,377","810,223","11,230,996",78.51817258,1
10/24/21,43,NJ,"14,740,915","700,100","5,634,140","8,406,675",0,"165,960","193,492","212,295","999,022","12,082,885",81.96835135,1
10/24/21,43,BP2,"263,010","13,000","110,780","139,230",0,0,0,0,0,"236,851",90.05399034,1
10/24/21,43,VA2,"6,631,120","542,900","3,138,260","2,949,960",0,0,0,0,0,"5,937,457",89.53927843,1
10/24/21,43,MH,"57,140","11,300","43,500","2,340",0,"97,821","114,546","125,591","577,347","42,025",73.54742737,0
10/24/21,43,AZ,"10,503,020","479,800","4,188,820","5,834,400",0,"144,298","169,238","186,274","802,595","8,638,806",82.25068599,1
10/24/21,43,CA,"61,499,605","2,929,000","23,231,700","35,338,905",0,"155,647","182,783","200,864","1,053,420","53,203,847",86.51087596,1
10/24/21,43,HI,"2,490,360","101,000","924,460","1,464,900",0,"175,889","205,626","223,150","927,688","1,957,661",78.60955846,1
10/24/21,43,KY,"6,186,305","302,400","2,632,160","3,251,745",0,"138,468","162,534","178,547","824,221","5,230,895",84.55604759,1
10/24/21,43,ND,"997,460","42,400","388,300","566,760",0,"130,890","156,527","171,417","832,292","798,109",80.01413591,1
10/24/21,43,MD,"10,599,110","479,400","3,951,380","6,168,330",0,"175,317","205,294","224,987","1,104,770","8,379,027",79.05406209,1
10/24/21,43,NY,"31,361,765","1,466,900","11,761,620","18,133,245",0,"161,213","186,975","203,314","951,468","27,159,991",86.60224002,1
10/24/21,43,AK,"1,130,625","72,400","444,260","613,965",0,"154,553","185,690","204,986","1,234,470","854,656",75.5914649,1
10/24/21,43,KS,"4,149,605","210,200","1,673,280","2,266,125",0,"142,436","169,254","187,505","872,706","3,270,476",78.81415219,1
10/24/21,43,CT,"5,979,725","280,200","2,367,920","3,331,605",0,"167,721","192,525","210,713","948,795","5,288,142",88.43453503,1
10/24/21,43,IL,"18,960,385","928,600","7,056,660","10,975,125",0,"149,626","174,947","192,414","927,960","15,703,598",82.82320217,1
10/24/21,43,WV,"3,121,715","131,200","1,241,620","1,748,895",0,"174,189","200,388","217,909","850,578","1,587,036",50.83859353,1
10/24/21,43,OK,"5,268,280","262,700","2,288,420","2,717,160",0,"133,139","158,434","175,333","829,478","4,397,550",83.47221484,1
10/24/21,43,MO,"8,277,595","341,300","3,221,780","4,714,515",0,"134,871","158,099","173,649","779,407","6,644,019",80.26508907,1
10/24/21,43,PA,"20,442,995","1,186,900","8,225,920","11,030,175",0,"159,686","184,478","201,065","854,154","17,237,442",84.31955298,1
10/24/21,43,UT,"4,278,930","194,300","1,566,700","2,517,930",0,"133,468","165,066","188,104","1,169,520","3,641,250",85.09720888,1
10/24/21,43,NV,"4,257,280","210,700","1,523,700","2,522,880",0,"138,216","162,380","178,314","858,371","3,573,760",83.94467829,1
10/24/21,43,NE,"2,741,630","124,300","1,018,780","1,598,550",0,"141,730","169,508","187,997","877,440","2,287,986",83.453493,1
10/24/21,43,MN,"8,428,860","404,700","3,166,980","4,857,180",0,"149,458","176,407","194,371","915,800","7,057,592",83.73127564,1
10/24/21,43,PR,"4,987,790","195,900","2,054,480","2,737,410",0,"156,176","175,115","190,304","918,684","4,944,909",99.14028057,1
10/24/21,43,OR,"7,108,975","375,800","2,806,760","3,926,415",0,"168,550","194,886","212,134","927,968","5,524,510",77.71176576,1
10/24/21,43,NM,"3,143,205","151,200","1,294,800","1,697,205",0,"149,903","175,850","193,906","832,403","2,950,926",93.88270889,1
10/24/21,43,VI,"115,260","1,500","30,480","83,280",0,"110,107","128,933","141,366","649,828","107,600",93.35415582,1
10/24/21,43,NC,"15,388,530","728,900","5,997,520","8,662,110",0,"146,724","171,259","187,955","878,795","12,098,476",78.62008912,1
10/24/21,43,SC,"7,399,185","360,600","3,129,000","3,909,585",0,"143,709","167,403","183,260","789,648","5,602,484",75.71758241,1
10/24/21,43,AS,"70,650",600,"20,700","49,350",0,"126,865","148,559","162,882","748,728","65,441",92.62703468,1
10/24/21,43,CO,"8,765,245","389,800","3,379,560","4,995,885",0,"152,208","177,576","194,817","1,040,490","7,554,225",86.18384312,1
10/24/21,43,IN,"8,882,940","472,700","3,314,920","5,095,320",0,"131,947","155,703","172,008","818,144","7,088,039",79.79384078,1
10/24/21,43,WI,"8,045,285","361,100","3,131,760","4,552,425",0,"138,177","160,912","176,593","790,891","7,200,668",89.50171436,1
10/24/21,43,WA,"12,133,095","607,000","4,626,980","6,899,115",0,"159,334","186,636","203,855","1,002,970","10,106,908",83.30032856,1
10/24/21,43,WY,"716,185","38,800","324,600","352,785",0,"123,745","145,945","160,931","722,114","557,460",77.83743027,1
10/24/21,43,VA,"13,560,765","609,400","5,045,900","7,905,465",0,"158,875","185,587","203,168","997,918","11,502,654",84.82304649,1
10/24/21,43,TN,"9,150,650","414,100","3,544,360","5,192,190",0,"133,994","156,808","172,033","800,307","7,292,825",79.6973439,1
10/24/21,43,DD2,"5,536,790","198,600","1,906,400","3,431,790",0,0,0,0,0,"6,160,016",111.2560888,1
10/24/21,43,LA,"6,066,200","265,800","2,586,800","3,213,600",0,"130,490","154,619","170,343","818,626","4,791,611",78.98867495,1
10/24/21,43,VT,"1,129,090","61,900","466,980","600,210",0,"180,947","204,935","221,397","902,990","954,319",84.52107449,1
10/24/21,43,FL,"34,669,605","1,862,100","13,403,760","19,403,745",0,"161,421","185,438","201,009","770,892","28,096,930",81.04196745,1
10/24/21,43,SD,"1,290,315","70,200","535,440","684,675",0,"145,855","174,816","193,289","849,613","1,003,394",77.76349186,1
10/24/21,43,TX,"43,815,445","2,127,500","16,847,120","24,840,825",0,"151,109","181,798","202,886","1,173,350","33,902,010",77.37456506,1
10/24/21,43,IA,"4,522,545","229,900","1,758,500","2,534,145",0,"143,342","168,986","186,249","817,888","3,630,664",80.27922331,1
10/24/21,43,NH,"2,266,650","130,700","866,500","1,269,450",0,"166,701","189,113","205,227","892,860","1,881,623",83.0133898,1
10/24/21,43,DE,"1,632,535","68,700","642,580","921,255",0,"167,652","194,394","211,965","864,205","1,279,997",78.40548595,1
10/24/21,43,AL,"7,061,780","317,500","3,139,240","3,605,040",0,"144,024","168,664","185,112","830,957","4,766,186",67.49270014,0
10/24/21,43,MP,"86,860","2,800","20,760","63,300",0,"152,702","178,813","196,055","901,224","71,884",82.75846189,1
10/24/21,43,ID,"2,383,960","124,000","935,880","1,324,080",0,"133,401",0,"178,058","820,160","1,677,487",70.36556821,0
10/24/21,43,ME,"2,302,770","125,200","949,340","1,228,230",0,"171,310","194,337","210,228","807,239","1,918,448",83.31044785,1
10/24/21,43,RP,"33,090","3,800","22,900","6,390",0,"184,788","216,388","237,255","1,090,640","31,592",95.47295255,1
10/24/21,43,GA,"15,356,735","658,300","6,320,560","8,377,875",0,"144,637","170,856","189,273","1,012,340","11,223,611",73.08591963,1
10/24/21,43,MS,"4,011,785","182,600","1,674,480","2,154,705",0,"134,798","159,108","176,144","824,295","2,930,326",73.04294722,1
10/24/21,43,RI,"1,794,565","78,700","704,760","1,011,105",0,"169,401","193,486","209,924","959,424","1,533,965",85.47837498,1
10/24/21,43,US,"503,493,015","24,268,700","196,288,420","282,916,545","19,350","151,656","177,570","194,956","920,520","413,645,478",82.15515721,1
10/24/21,43,OH,"15,993,535","743,100","6,349,600","8,900,835",0,"136,824","159,924","175,539","781,575","12,733,142",79.61430666,1
10/24/21,43,MT,"1,435,885","84,900","601,240","749,745",0,"134,348","156,483","170,900","695,556","1,158,737",80.69845426,1
10/24/21,43,IH2,"2,200,095","89,000","1,044,880","1,066,215",0,"105,631",0,0,0,"1,708,078",77.6365566,1
10/24/21,43,DC,"1,289,905","58,300","493,200","738,405",0,"182,771","211,545","223,329","1,476,830","1,050,189",81.41599575,1
10/24/21,43,AR,"4,325,610","202,800","1,881,720","2,241,090",0,"143,336","169,151","186,638","825,684","3,184,386",73.61703898,0
10/24/21,43,MA,"11,646,710","503,500","4,521,340","6,621,870",0,"168,976","193,572","210,241","996,014","10,245,452",87.96863664,1
10/24/21,43,FM,"88,470","11,500","74,000","2,970",0,"85,360","99,956","109,593","503,787","75,240",85.04577823,1
10/23/21,42,VI,"115,260","1,500","30,480","83,280",0,"110,107","128,933","141,366","649,828","107,554",93.31424605,1
10/23/21,42,MP,"86,860","2,800","20,760","63,300",0,"152,702","178,813","196,055","901,224","71,884",82.75846189,1
10/23/21,42,DE,"1,632,535","68,700","642,580","921,255",0,"167,652","194,394","211,965","864,205","1,275,546",78.13284248,1
10/23/21,42,WV,"3,121,715","131,200","1,241,620","1,748,895",0,"174,189","200,388","217,909","850,578","1,586,835",50.83215476,0
10/23/21,42,MA,"11,641,560","503,500","4,522,040","6,616,020",0,"168,902","193,486","210,148","995,574","10,223,552",87.81943313,1
10/23/21,42,RP,"33,090","3,800","22,900","6,390",0,"184,788","216,388","237,255","1,090,640","31,592",95.47295255,1
10/23/21,42,AS,"70,650",600,"20,700","49,350",0,"126,865","148,559","162,882","748,728","65,441",92.62703468,1
10/23/21,42,BP2,"263,010","13,000","110,780","139,230",0,0,0,0,0,"236,851",90.05399034,1
10/23/21,42,LA,"6,067,040","265,800","2,587,640","3,213,600",0,"130,508","154,641","170,367","818,740","4,779,169",78.77266344,1
10/23/21,42,ID,"2,384,100","124,000","936,020","1,324,080",0,"133,409",0,"178,069","820,208","1,670,759",70.07923325,0
10/23/21,42,VT,"1,129,090","61,900","466,980","600,210",0,"180,947","204,935","221,397","902,990","951,700",84.28911779,1
10/23/21,42,NC,"15,391,890","728,900","6,000,880","8,662,110",0,"146,756","171,297","187,996","878,987","12,069,570",78.41512641,1
10/23/21,42,WI,"8,045,235","361,100","3,132,880","4,551,255",0,"138,176","160,911","176,592","790,886","7,179,001",89.2329559,1
10/23/21,42,UT,"4,278,930","194,300","1,566,700","2,517,930",0,"133,468","165,066","188,104","1,169,520","3,641,187",85.09573655,1
10/23/21,42,SC,"7,399,605","360,600","3,129,420","3,909,585",0,"143,718","167,413","183,271","789,693","5,586,113",75.49204316,1
10/23/21,42,DC,"1,289,905","58,300","493,200","738,405",0,"182,771","211,545","223,329","1,476,830","1,048,219",81.26327133,1
10/23/21,42,PR,"4,987,790","195,900","2,054,480","2,737,410",0,"156,176","175,115","190,304","918,684","4,944,768",99.13745366,1
10/23/21,42,AK,"1,131,045","72,400","444,680","613,965",0,"154,610","185,759","205,062","1,234,930","852,106",75.33793969,1
10/23/21,42,AZ,"10,503,880","479,800","4,189,680","5,834,400",0,"144,309","169,252","186,289","802,660","8,617,622",82.0422739,1
10/23/21,42,KY,"6,187,985","302,400","2,633,840","3,251,745",0,"138,506","162,578","178,596","824,445","5,217,763",84.32087343,1
10/23/21,42,NJ,"14,738,945","700,100","5,635,680","8,403,165",0,"165,938","193,466","212,266","998,888","12,058,760",81.8156252,1
10/23/21,42,CO,"8,765,385","389,800","3,379,700","4,995,885",0,"152,210","177,579","194,820","1,040,510","7,528,365",85.88744248,1
10/23/21,42,MO,"8,278,295","341,300","3,222,480","4,714,515",0,"134,882","158,112","173,664","779,473","6,643,626",80.25355463,1
10/23/21,42,US,"503,521,625","24,268,700","196,341,600","282,891,975","19,350","151,665","177,580","194,967","920,572","412,856,169",81.99373145,1
10/23/21,42,ND,"997,460","42,400","388,300","566,760",0,"130,890","156,527","171,417","832,292","794,806",79.68299481,1
10/23/21,42,MD,"10,594,710","479,400","3,951,660","6,163,650",0,"175,244","205,209","224,893","1,104,310","8,365,492",78.95914093,1
10/23/21,42,MS,"4,012,065","182,600","1,674,760","2,154,705",0,"134,807","159,119","176,156","824,352","2,930,172",73.03401116,0
10/23/21,42,TN,"9,151,930","414,100","3,545,640","5,192,190",0,"134,012","156,830","172,057","800,419","7,292,468",79.68229652,1
10/23/21,42,AR,"4,326,450","202,800","1,882,560","2,241,090",0,"143,364","169,184","186,674","825,844","3,174,437",73.37278831,0
10/23/21,42,NE,"2,742,330","124,300","1,019,480","1,598,550",0,"141,766","169,551","188,045","877,664","2,287,849",83.42719512,1
10/23/21,42,PA,"20,445,385","1,186,900","8,229,480","11,029,005",0,"159,705","184,500","201,088","854,254","17,198,354",84.11851379,1
10/23/21,42,IH2,"2,200,095","89,000","1,044,880","1,066,215",0,"105,631",0,0,0,"1,704,807",77.48788121,1
10/23/21,42,MN,"8,429,420","404,700","3,167,540","4,857,180",0,"149,468","176,418","194,384","915,861","7,037,080",83.48237483,1
10/23/21,42,HI,"2,490,360","101,000","924,460","1,464,900",0,"175,889","205,626","223,150","927,688","1,955,032",78.50399139,1
10/23/21,42,OK,"5,268,420","262,700","2,288,560","2,717,160",0,"133,143","158,438","175,337","829,500","4,385,686",83.24480584,1
10/23/21,42,IL,"18,962,345","928,600","7,058,620","10,975,125",0,"149,642","174,965","192,434","928,056","15,702,797",82.81041717,1
10/23/21,42,FM,"88,470","11,500","74,000","2,970",0,"85,360","99,956","109,593","503,787","75,240",85.04577823,1
10/23/21,42,OR,"7,109,115","375,800","2,806,900","3,926,415",0,"168,553","194,889","212,138","927,986","5,510,358",77.511167,1
10/23/21,42,NH,"2,266,650","130,700","866,500","1,269,450",0,"166,701","189,113","205,227","892,860","1,878,947",82.89533011,1
10/23/21,42,RI,"1,794,565","78,700","704,760","1,011,105",0,"169,401","193,486","209,924","959,424","1,530,159",85.26629016,1
10/23/21,42,NV,"4,257,280","210,700","1,523,700","2,522,880",0,"138,216","162,380","178,314","858,371","3,564,698",83.73181938,1
10/23/21,42,VA2,"6,631,120","542,900","3,138,260","2,949,960",0,0,0,0,0,"5,925,055",89.3522512,1
10/23/21,42,SD,"1,286,805","70,200","535,440","681,165",0,"145,458","174,340","192,763","847,301","1,002,759",77.92625922,1
10/23/21,42,CT,"5,976,495","280,200","2,368,200","3,328,095",0,"167,630","192,421","210,600","948,283","5,287,423",88.47029906,1
10/23/21,42,MT,"1,435,885","84,900","601,240","749,745",0,"134,348","156,483","170,900","695,556","1,154,941",80.43408769,1
10/23/21,42,NM,"3,143,205","151,200","1,294,800","1,697,205",0,"149,903","175,850","193,906","832,403","2,941,157",93.57191147,1
10/23/21,42,MH,"57,140","11,300","43,500","2,340",0,"97,821","114,546","125,591","577,347","41,351",72.36786839,1
10/23/21,42,IA,"4,523,245","229,900","1,759,200","2,534,145",0,"143,364","169,012","186,278","818,015","3,630,583",80.26500886,1
10/23/21,42,AL,"7,062,480","317,500","3,139,940","3,605,040",0,"144,039","168,681","185,130","831,039","4,759,947",67.39767051,0
10/23/21,42,FL,"34,671,185","1,862,100","13,407,680","19,401,405",0,"161,428","185,447","201,018","770,927","28,045,326",80.889436,1
10/23/21,42,TX,"43,819,645","2,127,500","16,851,320","24,840,825",0,"151,124","181,816","202,906","1,173,460","33,847,281",77.24225288,1
10/23/21,42,WY,"716,325","38,800","324,740","352,785",0,"123,769","145,974","160,963","722,255","557,340",77.8054654,1
10/23/21,42,GA,"15,359,675","658,300","6,323,500","8,377,875",0,"144,665","170,889","189,309","1,012,530","11,222,786",73.06655903,0
10/23/21,42,VA,"13,562,305","609,400","5,047,440","7,905,465",0,"158,893","185,608","203,191","998,031","11,470,954",84.57967875,1
10/23/21,42,NY,"31,365,035","1,466,900","11,763,720","18,134,415",0,"161,230","186,995","203,336","951,567","27,115,505",86.4513781,1
10/23/21,42,IN,"8,885,460","472,700","3,317,440","5,095,320",0,"131,984","155,748","172,057","818,376","7,074,028",79.61352592,1
10/23/21,42,DD2,"5,536,790","198,600","1,906,400","3,431,790",0,0,0,0,0,"6,147,294",111.0263167,1
10/23/21,42,ME,"2,302,770","125,200","949,340","1,228,230",0,"171,310","194,337","210,228","807,239","1,918,386",83.30775544,1
10/23/21,42,WA,"12,139,625","607,000","4,634,680","6,897,945",0,"159,420","186,737","203,965","1,003,510","10,106,696",83.25377431,1
10/23/21,42,KS,"4,150,585","210,200","1,674,260","2,266,125",0,"142,470","169,294","187,549","872,912","3,258,212",78.50006686,1
10/23/21,42,MI,"14,305,980","716,900","5,857,960","7,731,120",0,"143,248","166,445","182,406","810,353","11,179,955",78.14882308,1
10/23/21,42,GU,"247,230","20,500","76,580","150,150",0,"149,142","174,644","191,482","880,229","252,443",102.1085629,1
10/23/21,42,CA,"61,500,045","2,929,000","23,232,140","35,338,905",0,"155,648","182,784","200,865","1,053,420","53,075,050",86.30083116,1
10/23/21,42,OH,"15,995,775","743,100","6,351,840","8,900,835",0,"136,844","159,947","175,564","781,685","12,699,508",79.39288968,1
10/22/21,42,TN,"9,119,650","413,400","3,530,440","5,175,810",0,"133,540","156,277","171,450","797,595","7,276,374",79.78786467,1
10/22/21,42,WV,"3,104,085","131,100","1,234,980","1,738,005",0,"173,205","199,256","216,678","845,774","1,585,187",51.06777037,0
10/22/21,42,IN,"8,819,650","472,500","3,307,720","5,039,430",0,"131,007","154,594","170,783","812,315","7,060,515",80.05436724,1
10/22/21,42,MP,"86,860","2,800","20,760","63,300",0,"152,702","178,813","196,055","901,224","71,778",82.63642643,1
10/22/21,42,NH,"2,262,200","130,700","865,560","1,265,940",0,"166,374","188,742","204,824","891,107","1,876,019",82.92896296,1
10/22/21,42,OK,"5,245,690","262,300","2,278,380","2,705,010",0,"132,568","157,755","174,581","825,921","4,375,374",83.4089319,1
10/22/21,42,AL,"7,045,270","317,000","3,129,080","3,599,190",0,"143,688","168,270","184,679","829,014","4,742,444",67.31387158,0
10/22/21,42,IH2,"2,189,465","88,100","1,041,000","1,060,365",0,"105,121",0,0,0,"1,701,973",77.73465207,1
10/22/21,42,DE,"1,629,445","68,700","640,660","920,085",0,"167,335","194,026","211,563","862,569","1,272,284",78.08081893,1
10/22/21,42,AZ,"10,471,530","479,600","4,175,980","5,815,950",0,"143,865","168,731","185,715","800,188","8,602,398",82.15034479,1
10/22/21,42,AS,"70,650",600,"20,700","49,350",0,"126,865","148,559","162,882","748,728","65,441",92.62703468,1
10/22/21,42,NV,"4,240,960","207,900","1,513,420","2,519,640",0,"137,687","161,757","177,631","855,081","3,558,077",83.89791462,1
10/22/21,42,NM,"3,124,925","151,000","1,285,540","1,688,385",0,"149,031","174,828","192,779","827,562","2,932,485",93.8417722,1
10/22/21,42,PA,"20,400,035","1,186,000","8,217,340","10,996,695",0,"159,351","184,090","200,642","852,359","17,146,754",84.05257148,1
10/22/21,42,UT,"4,263,020","191,000","1,563,360","2,508,660",0,"132,972","164,452","187,404","1,165,170","3,633,463",85.2321359,1
10/22/21,42,FL,"34,507,895","1,859,200","13,338,280","19,310,415",0,"160,668","184,573","200,071","767,296","27,997,140",81.13256401,1
10/22/21,42,OR,"7,075,885","371,000","2,788,460","3,916,425",0,"167,765","193,978","211,146","923,648","5,496,828",77.68396462,1
10/22/21,42,AR,"4,290,340","202,000","1,864,800","2,223,540",0,"142,168","167,772","185,116","818,952","3,168,727",73.85724675,1
10/22/21,42,CT,"5,959,195","279,800","2,357,060","3,322,335",0,"167,145","191,864","209,990","945,538","5,276,862",88.5499132,1
10/22/21,42,WI,"8,011,125","359,800","3,112,940","4,538,385",0,"137,591","160,229","175,843","787,533","7,159,648",89.37131801,1
10/22/21,42,KS,"4,138,455","209,300","1,669,060","2,260,095",0,"142,053","168,800","187,001","870,361","3,251,403",78.56562413,1
10/22/21,42,NE,"2,731,190","123,400","1,013,920","1,593,870",0,"141,190","168,862","187,282","874,098","2,282,268",83.56313548,1
10/22/21,42,DD2,"5,536,590","198,600","1,906,200","3,431,790",0,0,0,0,0,"6,134,515",110.7995174,1
10/22/21,42,ID,"2,373,300","123,100","928,460","1,321,740",0,"132,804",0,"177,262","816,493","1,664,702",70.14292336,0
10/22/21,42,BP2,"262,810","12,800","110,780","139,230",0,0,0,0,0,"235,956",89.78197177,1
10/22/21,42,US,"501,613,665","24,135,600","195,433,980","282,024,735","19,350","151,090","176,907","194,228","917,084","411,963,025",82.12755229,1
10/22/21,42,MD,"10,553,790","475,000","3,923,780","6,155,010",0,"174,567","204,416","224,025","1,100,050","8,343,034",79.05249204,1
10/22/21,42,PR,"4,986,390","195,900","2,053,080","2,737,410",0,"156,132","175,066","190,250","918,426","4,936,282",98.99510467,1
10/22/21,42,NY,"31,217,475","1,445,900","11,701,960","18,069,615",0,"160,472","186,115","202,379","947,090","27,062,928",86.69159822,1
10/22/21,42,NC,"15,353,510","727,300","5,975,980","8,650,230",0,"146,390","170,869","187,527","876,795","12,041,740",78.42988346,1
10/22/21,42,SC,"7,351,775","354,400","3,101,560","3,895,815",0,"142,789","166,331","182,086","784,589","5,573,990",75.81828878,1
10/22/21,42,MS,"3,994,565","180,800","1,663,740","2,150,025",0,"134,219","158,425","175,387","820,757","2,929,949",73.34838712,0
10/22/21,42,HI,"2,473,120","101,000","920,540","1,451,580",0,"174,671","204,203","221,605","921,266","1,951,288",78.8998512,1
10/22/21,42,VI,"115,260","1,500","30,480","83,280",0,"110,107","128,933","141,366","649,828","107,313",93.10515357,1
10/22/21,42,GA,"15,339,265","658,100","6,310,760","8,370,405",0,"144,473","170,662","189,058","1,011,190","11,222,100",73.15930718,1
10/22/21,42,LA,"6,047,370","265,000","2,580,920","3,201,450",0,"130,085","154,139","169,814","816,085","4,767,678",78.83886714,1
10/22/21,42,IL,"18,889,835","927,200","7,039,440","10,923,195",0,"149,070","174,296","191,698","924,508","15,702,093",83.12456408,1
10/22/21,42,RI,"1,786,595","75,700","700,960","1,009,935",0,"168,648","192,627","208,991","955,163","1,527,156",85.47857797,1
10/22/21,42,SD,"1,281,075","70,000","533,420","677,655",0,"144,810","173,564","191,905","843,528","999,693",78.03547802,1
10/22/21,42,MI,"14,231,270","715,300","5,833,900","7,682,070",0,"142,500","165,576","181,454","806,121","11,140,293",78.28038538,1
10/22/21,42,NJ,"14,719,225","699,800","5,625,980","8,393,445",0,"165,716","193,207","211,982","997,552","12,032,967",81.75000382,1
10/22/21,42,IA,"4,500,875","223,900","1,751,020","2,525,955",0,"142,655","168,176","185,356","813,969","3,622,282",80.47950676,1
10/22/21,42,VT,"1,123,010","61,900","463,240","597,870",0,"179,973","203,832","220,205","898,128","949,114",84.51518686,1
10/22/21,42,TX,"43,656,335","2,116,300","16,792,900","24,747,135",0,"150,560","181,138","202,149","1,169,090","33,712,900",77.22338579,1
10/22/21,42,CA,"61,321,935","2,906,000","23,121,040","35,294,895",0,"155,197","182,255","200,283","1,050,370","52,985,233",86.40502456,1
10/22/21,42,AK,"1,128,425","72,400","444,400","611,625",0,"154,252","185,329","204,587","1,232,070","849,541",75.28555287,1
10/22/21,42,OH,"15,940,845","741,900","6,316,560","8,882,385",0,"136,374","159,397","174,961","779,001","12,671,838",79.49288761,1
10/22/21,42,WY,"712,015","38,600","321,800","351,615",0,"123,024","145,096","159,994","717,909","555,247",77.98248632,1
10/22/21,42,MT,"1,428,465","84,500","594,220","749,745",0,"133,654","155,674","170,017","691,962","1,154,718",80.8362823,1
10/22/21,42,MO,"8,263,765","341,300","3,214,700","4,707,765",0,"134,645","157,835","173,359","778,105","6,629,366",80.22210215,1
10/22/21,42,GU,"244,850","20,500","74,200","150,150",0,"147,706","172,963","189,639","871,756","247,874",101.2350419,1
10/22/21,42,DC,"1,282,635","58,100","487,300","737,235",0,"181,741","210,353","222,070","1,468,500","1,045,370",81.50175225,1
10/22/21,42,ND,"994,740","42,300","385,680","566,760",0,"130,533","156,100","170,950","830,022","792,041",79.62291654,1
10/22/21,42,RP,"33,090","3,800","22,900","6,390",0,"184,788","216,388","237,255","1,090,640","31,518",95.24932004,1
10/22/21,42,CO,"8,747,685","389,200","3,369,080","4,989,405",0,"151,903","177,220","194,427","1,038,410","7,517,784",85.94026877,1
10/22/21,42,MA,"11,621,650","503,200","4,513,140","6,605,310",0,"168,613","193,155","209,788","993,871","10,204,856",87.80901163,1
10/22/21,42,FM,"88,470","11,500","74,000","2,970",0,"85,360","99,956","109,593","503,787","75,240",85.04577823,1
10/22/21,42,VA,"13,480,695","599,100","4,994,040","7,887,555",0,"157,936","184,491","201,968","992,026","11,449,069",84.92936751,1
10/22/21,42,MN,"8,355,900","394,300","3,137,180","4,824,420",0,"148,164","174,880","192,689","907,873","7,018,451",83.99395637,1
10/22/21,42,ME,"2,276,840","125,200","931,600","1,220,040",0,"169,381","192,149","207,860","798,149","1,913,254",84.0311133,1
10/22/21,42,WA,"12,082,075","603,000","4,599,580","6,879,495",0,"158,664","185,852","202,998","998,747","10,080,829",83.43623922,1
10/22/21,42,MH,"57,140","11,300","43,500","2,340",0,"97,821","114,546","125,591","577,347","41,351",72.36786839,0
10/22/21,42,KY,"6,163,365","301,900","2,624,120","3,237,345",0,"137,955","161,931","177,885","821,164","5,206,923",84.48182121,1
10/22/21,42,VA2,"6,631,120","542,900","3,138,260","2,949,960",0,0,0,0,0,"5,911,776",89.15199846,1
10/21/21,42,CT,"5,924,555","278,300","2,341,380","3,304,875",0,"166,173","190,749","208,769","940,041","5,265,418",88.87448931,1
10/21/21,42,ME,"2,258,990","124,000","927,820","1,207,170",0,"168,053","190,642","206,231","791,892","1,908,440",84.48200302,1
10/21/21,42,SD,"1,272,815","69,700","531,040","672,075",0,"143,876","172,445","190,667","838,090","996,850",78.31853019,1
10/21/21,42,AZ,"10,410,270","476,600","4,157,500","5,776,170",0,"143,023","167,744","184,629","795,507","8,578,327",82.40254095,1
10/21/21,42,US,"498,702,405","24,030,600","194,485,320","280,167,135","19,350","150,213","175,881","193,101","911,762","411,010,650",82.41601522,1
10/21/21,42,AK,"1,125,115","72,100","442,560","610,455",0,"153,800","184,785","203,987","1,228,450","847,207",75.2995916,1
10/21/21,42,NJ,"14,605,965","695,500","5,605,400","8,305,065",0,"164,441","191,720","210,351","989,876","12,010,472",82.22991086,1
10/21/21,42,IL,"18,806,625","923,900","7,007,680","10,875,045",0,"148,413","173,528","190,854","920,435","15,701,304",83.48815378,1
10/21/21,42,UT,"4,223,310","190,400","1,558,180","2,474,730",0,"131,733","162,920","185,658","1,154,310","3,622,509",85.77416766,1
10/21/21,42,OH,"15,858,435","734,800","6,286,160","8,837,475",0,"135,669","158,573","174,057","774,973","12,644,571",79.73404059,1
10/21/21,42,ID,"2,364,980","123,100","924,820","1,317,060",0,"132,339",0,"176,641","813,631","1,659,029",70.14981099,0
10/21/21,42,MH,"57,140","11,300","43,500","2,340",0,"97,821","114,546","125,591","577,347","41,351",72.36786839,0
10/21/21,42,SC,"7,313,425","354,000","3,079,720","3,879,705",0,"142,044","165,463","181,136","780,496","5,563,700",76.07516314,1
10/21/21,42,ND,"990,780","42,300","385,680","562,800",0,"130,013","155,478","170,269","826,718","789,310",79.66551606,1
10/21/21,42,AL,"6,999,770","316,600","3,112,240","3,570,930",0,"142,760","167,183","183,486","823,660","4,732,829",67.61406446,0
10/21/21,42,LA,"6,020,180","263,800","2,570,140","3,186,240",0,"129,500","153,446","169,051","812,416","4,757,889",79.0323379,1
10/21/21,42,FL,"34,307,395","1,855,800","13,272,760","19,178,835",0,"159,735","183,501","198,909","762,838","27,897,250",81.31555893,1
10/21/21,42,HI,"2,458,470","100,800","916,620","1,441,050",0,"173,636","202,993","220,292","915,809","1,948,246",79.24627919,1
10/21/21,42,NV,"4,212,770","207,400","1,507,960","2,497,410",0,"136,771","160,682","176,450","849,397","3,549,119",84.2466833,1
10/21/21,42,MI,"14,151,580","713,500","5,795,520","7,642,560",0,"141,702","164,649","180,438","801,607","11,123,961",78.60578819,1
10/21/21,42,VI,"115,260","1,500","30,480","83,280",0,"110,107","128,933","141,366","649,828","107,054",92.88044421,1
10/21/21,42,CA,"61,020,085","2,898,100","23,053,620","35,068,365",0,"154,433","181,358","199,298","1,045,200","52,869,188",86.64227197,1
10/21/21,42,TN,"9,051,280","412,000","3,505,320","5,133,960",0,"132,538","155,105","170,165","791,616","7,259,764",80.20704254,1
10/21/21,42,NC,"15,282,030","726,600","5,948,400","8,607,030",0,"145,709","170,074","186,654","872,713","12,001,934",78.53625467,1
10/21/21,42,FM,"88,470","11,500","74,000","2,970",0,"85,360","99,956","109,593","503,787","75,124",84.91466034,1
10/21/21,42,BP2,"262,810","12,800","110,780","139,230",0,0,0,0,0,"235,847",89.74049694,1
10/21/21,42,DD2,"5,528,790","198,600","1,905,420","3,424,770",0,0,0,0,0,"6,120,334",110.6993393,1
10/21/21,42,AS,"68,550",600,"18,600","49,350",0,"123,094","144,143","158,040","726,473","65,441",95.46462436,1
10/21/21,42,CO,"8,677,815","388,100","3,348,280","4,941,435",0,"150,690","175,804","192,874","1,030,120","7,499,427",86.42068309,1
10/21/21,42,VA,"13,405,045","598,400","4,973,360","7,833,285",0,"157,050","183,456","200,835","986,459","11,421,829",85.20545063,1
10/21/21,42,KS,"4,067,815","199,200","1,629,580","2,239,035",0,"139,628","165,918","183,809","855,505","3,243,579",79.73762327,1
10/21/21,42,WA,"11,999,595","601,300","4,589,180","6,809,115",0,"157,581","184,583","201,612","991,929","10,055,713",83.8004366,1
10/21/21,42,DC,"1,276,265","58,000","486,880","731,385",0,"180,838","209,308","220,967","1,461,210","1,040,743",81.54599554,1
10/21/21,42,MN,"8,312,810","393,700","3,121,780","4,797,330",0,"147,400","173,978","191,695","903,191","7,001,256",84.22249516,1
10/21/21,42,TX,"43,443,245","2,109,300","16,710,020","24,623,925",0,"149,826","180,254","201,163","1,163,380","33,708,778",77.59267983,1
10/21/21,42,GU,"244,850","20,500","74,200","150,150",0,"147,706","172,963","189,639","871,756","247,846",101.2236063,1
10/21/21,42,IN,"8,771,310","470,800","3,290,060","5,010,450",0,"130,289","153,747","169,847","807,862","7,048,145",80.35453085,1
10/21/21,42,NE,"2,713,480","122,800","1,007,340","1,583,340",0,"140,274","167,767","186,067","868,430","2,276,430",83.89337677,1
10/21/21,42,NH,"2,248,800","130,300","861,920","1,256,580",0,"165,388","187,624","203,611","885,829","1,871,633",83.2280772,1
10/21/21,42,RP,"33,090","3,800","22,900","6,390",0,"184,788","216,388","237,255","1,090,640","31,518",95.24932004,1
10/21/21,42,WV,"3,079,635","130,200","1,221,960","1,727,475",0,"171,841","197,687","214,971","839,112","1,583,779",51.4274906,0
10/21/21,42,LTC,"106,855,155","2,497,000","30,638,120","73,720,035",0,0,0,0,0,"8,076,885",7.558722834,0
10/21/21,42,MD,"10,514,070","474,300","3,917,340","6,122,430",0,"173,910","203,647","223,182","1,095,910","8,321,252",79.14396613,1
10/21/21,42,MT,"1,425,045","84,200","591,100","749,745",0,"133,334","155,302","169,610","690,305","1,154,583",81.02080987,1
10/21/21,42,PR,"4,978,970","194,300","2,047,260","2,737,410",0,"155,900","174,805","189,967","917,059","4,926,629",98.94875848,1
10/21/21,42,OK,"5,195,210","256,500","2,240,720","2,697,990",0,"131,293","156,236","172,901","817,973","4,366,147",84.04178079,1
10/21/21,42,IH2,"2,189,365","88,100","1,040,900","1,060,365",0,"105,116",0,0,0,"1,699,112",77.60752547,1
10/21/21,42,MA,"11,543,950","494,500","4,503,900","6,545,550",0,"167,486","191,864","208,386","987,226","10,178,352",88.17044426,1
10/21/21,42,MP,"86,860","2,800","20,760","63,300",0,"152,702","178,813","196,055","901,224","71,634",82.47064241,1
10/21/21,42,IA,"4,483,895","223,600","1,743,700","2,516,595",0,"142,117","167,542","184,657","810,898","3,613,995",80.5994565,1
10/21/21,42,NY,"31,039,975","1,436,200","11,651,520","17,952,255",0,"159,559","185,057","201,228","941,705","27,013,498",87.028092,1
10/21/21,42,AR,"4,256,950","201,800","1,850,240","2,204,910",0,"141,061","166,466","183,675","812,578","3,161,353",74.26333408,0
10/21/21,42,MO,"8,210,105","340,300","3,190,120","4,679,685",0,"133,771","156,810","172,234","773,053","6,615,814",80.58135675,1
10/21/21,42,MS,"3,969,225","179,800","1,655,060","2,134,365",0,"133,368","157,420","174,275","815,550","2,916,983",73.4899886,0
10/21/21,42,PA,"20,285,625","1,180,100","8,184,340","10,921,185",0,"158,457","183,058","199,517","847,579","17,099,948",84.29588933,1
10/21/21,42,WI,"7,923,035","358,900","3,080,740","4,483,395",0,"136,078","158,467","173,910","778,873","7,141,619",90.13741578,1
10/21/21,42,WY,"705,375","38,500","317,600","349,275",0,"121,877","143,743","158,502","711,214","553,637",78.48832181,1
10/21/21,42,DE,"1,618,635","68,600","638,140","911,895",0,"166,225","192,739","210,160","856,847","1,268,810",78.38765379,1
10/21/21,42,VT,"1,120,670","61,900","463,240","595,530",0,"179,598","203,407","219,746","896,256","946,774",84.48285401,1
10/21/21,42,KY,"6,109,095","299,500","2,604,920","3,204,675",0,"136,740","160,505","176,319","813,934","5,196,008",85.05364543,1
10/21/21,42,RI,"1,779,595","75,700","700,260","1,003,635",0,"167,988","191,872","208,172","951,421","1,523,454",85.60678132,1
10/21/21,42,NM,"3,112,415","150,600","1,277,840","1,683,975",0,"148,434","174,128","192,007","824,249","2,924,916",93.97577123,1
10/21/21,42,GA,"15,252,615","657,900","6,284,160","8,310,555",0,"143,656","169,698","187,990","1,005,480","11,112,900",72.85898189,1
10/21/21,42,OR,"7,041,465","369,700","2,783,420","3,888,345",0,"166,949","193,035","210,119","919,155","5,482,628",77.86203581,1
10/21/21,42,VA2,"6,631,120","542,900","3,138,260","2,949,960",0,0,0,0,0,"5,898,904",88.95788343,1
10/20/21,42,TN,"9,033,920","409,200","3,497,780","5,126,940",0,"132,284","154,808","169,839","790,098","7,243,138",80.17713241,1
10/20/21,42,IL,"18,760,535","920,200","6,990,760","10,849,575",0,"148,049","173,103","190,386","918,179","15,700,472",83.6888287,1
10/20/21,42,RP,"33,090","3,800","22,900","6,390",0,"184,788","216,388","237,255","1,090,640","31,518",95.24932004,1
10/20/21,42,DC,"1,268,815","57,800","485,480","725,535",0,"179,783","208,086","219,677","1,452,680","1,038,530",81.85038796,1
10/20/21,42,DE,"1,612,475","68,600","631,980","911,895",0,"165,592","192,005","209,360","853,586","1,264,504",78.42006853,1
10/20/21,42,NV,"4,199,220","206,800","1,503,200","2,489,220",0,"136,331","160,165","175,882","846,665","3,541,997",84.34892671,1
10/20/21,42,MT,"1,416,995","83,400","587,360","746,235",0,"132,581","154,424","168,652","686,406","1,151,591",81.26994097,1
10/20/21,42,OH,"15,746,665","732,500","6,243,380","8,770,785",0,"134,712","157,456","172,830","769,511","12,617,505",80.12810967,1
10/20/21,42,KS,"4,053,805","198,900","1,624,960","2,229,945",0,"139,148","165,347","183,176","852,559","3,234,862",79.79816493,1
10/20/21,42,NC,"15,236,810","721,300","5,922,520","8,592,990",0,"145,277","169,571","186,101","870,131","11,977,720",78.6104178,1
10/20/21,42,AL,"6,981,680","315,200","3,103,740","3,562,740",0,"142,391","166,751","183,012","821,532","4,722,919",67.64731411,1
10/20/21,42,US,"496,915,265","23,875,400","193,659,240","279,361,275","19,350","149,675","175,250","192,409","908,494","410,189,737",82.54722,1
10/20/21,42,GU,"244,850","20,500","74,200","150,150",0,"147,706","172,963","189,639","871,756","247,806",101.2072698,1
10/20/21,42,IH2,"2,169,895","87,400","1,035,000","1,047,495",0,"104,181",0,0,0,"1,696,072",78.16378212,1
10/20/21,42,LA,"6,005,010","259,900","2,563,280","3,181,830",0,"129,174","153,059","168,625","810,369","4,747,194",79.05389,1
10/20/21,42,DD2,"5,516,560","198,500","1,903,820","3,414,240",0,0,0,0,0,"6,105,354",110.6732094,1
10/20/21,42,CT,"5,897,165","275,200","2,325,280","3,296,685",0,"165,405","189,867","207,804","935,696","5,254,042",89.09436992,1
10/20/21,42,MI,"14,104,550","706,200","5,763,980","7,634,370",0,"141,231","164,102","179,838","798,943","11,114,005",78.797303,1
10/20/21,42,MP,"86,860","2,800","20,760","63,300",0,"152,702","178,813","196,055","901,224","71,559",82.38429657,1
10/20/21,42,PR,"4,973,190","194,300","2,041,480","2,737,410",0,"155,719","174,602","189,747","915,994","4,859,150",97.70690442,1
10/20/21,42,IN,"8,751,810","469,100","3,279,280","5,003,430",0,"129,999","153,405","169,469","806,066","7,037,030",80.40656733,1
10/20/21,42,OR,"7,009,005","366,400","2,774,600","3,868,005",0,"166,179","192,145","209,151","914,918","5,469,322",78.03278782,1
10/20/21,42,WA,"11,947,645","599,400","4,556,140","6,792,105",0,"156,898","183,784","200,739","987,635","10,032,178",83.96782797,1
10/20/21,42,SD,"1,265,955","69,200","524,680","672,075",0,"143,101","171,515","189,640","833,573","1,005,436",79.42114846,1
10/20/21,42,ND,"987,440","42,300","384,680","560,460",0,"129,575","154,954","169,695","823,931","787,246",79.72595803,1
10/20/21,42,ME,"2,251,640","123,000","922,640","1,206,000",0,"167,506","190,022","205,560","789,315","1,903,235",84.52661171,1
10/20/21,42,AK,"1,120,305","71,200","439,820","609,285",0,"153,142","183,995","203,115","1,223,200","845,003",75.42615627,1
10/20/21,42,AZ,"10,370,610","473,800","4,139,360","5,757,450",0,"142,479","167,105","183,926","792,477","8,559,033",82.53162543,1
10/20/21,42,ID,"2,355,800","122,700","920,720","1,312,380",0,"131,825",0,"175,955","810,472","1,654,003",70.20982257,0
10/20/21,42,FM,"88,470","11,500","74,000","2,970",0,"85,360","99,956","109,593","503,787","75,042",84.82197355,1
10/20/21,42,NH,"2,240,560","130,000","856,320","1,254,240",0,"164,782","186,936","202,865","882,583","1,868,872",83.41093298,1
10/20/21,42,IA,"4,479,145","222,700","1,741,020","2,515,425",0,"141,967","167,365","184,461","810,039","3,606,128",80.50929363,1
10/20/21,42,MA,"11,483,550","480,300","4,481,100","6,522,150",0,"166,609","190,860","207,295","982,061","10,157,403",88.45176796,1
10/20/21,42,NM,"3,100,995","150,000","1,271,700","1,679,295",0,"147,890","173,489","191,302","821,225","2,916,382",94.04665277,1
10/20/21,42,LTC,"106,242,245","2,495,500","30,324,880","73,421,865",0,0,0,0,0,"8,071,200",7.596978019,0
10/20/21,42,MN,"8,263,970","389,600","3,090,360","4,784,010",0,"146,534","172,956","190,569","897,885","6,985,558",84.53029234,1
10/20/21,42,VI,"115,260","1,500","30,480","83,280",0,"110,107","128,933","141,366","649,828","106,765",92.62970675,1
10/20/21,42,PA,"20,156,785","1,164,600","8,110,780","10,881,405",0,"157,450","181,895","198,250","842,195","17,058,311",84.6281339,1
10/20/21,42,WY,"702,365","38,300","315,960","348,105",0,"121,357","143,129","157,826","708,179","552,014",78.59360874,1
10/20/21,42,RI,"1,764,925","75,700","698,460","990,765",0,"166,603","190,290","206,456","943,578","1,520,320",86.14077085,1
10/20/21,42,GA,"15,191,605","653,300","6,265,640","8,272,665",0,"143,082","169,019","187,238","1,001,460","11,112,199",73.14697163,0
10/20/21,42,SC,"7,300,675","351,200","3,073,280","3,876,195",0,"141,796","165,175","180,820","779,135","5,550,905",76.03276409,1
10/20/21,42,TX,"43,329,345","2,098,400","16,639,780","24,591,165",0,"149,433","179,782","200,635","1,160,330","33,629,302",77.61322494,1
10/20/21,42,AR,"4,232,540","200,600","1,832,880","2,199,060",0,"140,252","165,512","182,622","807,919","3,154,876",74.53859857,0
10/20/21,42,CO,"8,632,545","385,900","3,332,120","4,914,525",0,"149,903","174,887","191,868","1,024,740","7,481,171",86.66240373,1
10/20/21,42,KY,"6,084,385","298,000","2,587,560","3,198,825",0,"136,187","159,856","175,606","810,642","5,183,331",85.19071361,1
10/20/21,42,WI,"7,905,825","358,000","3,067,940","4,479,885",0,"135,782","158,123","173,532","777,182","7,122,435",90.09097722,1
10/20/21,42,WV,"3,073,295","129,600","1,216,220","1,727,475",0,"171,487","197,280","214,529","837,385","1,582,635",51.49635814,0
10/20/21,42,HI,"2,455,760","100,500","915,380","1,439,880",0,"173,445","202,770","220,049","914,799","1,944,508",79.18151611,1
10/20/21,42,BP2,"258,780","12,800","110,260","135,720",0,0,0,0,0,"235,136",90.86328155,1
10/20/21,42,NE,"2,695,850","122,500","1,000,540","1,572,810",0,"139,363","166,677","184,858","862,788","2,271,863",84.27260419,1
10/20/21,42,VA,"13,351,725","597,000","4,956,540","7,798,185",0,"156,425","182,726","200,036","982,535","11,395,923",85.35169051,1
10/20/21,42,VT,"1,118,150","61,900","460,720","595,530",0,"179,194","202,949","219,252","894,241","944,870",84.50297366,1
10/20/21,42,MO,"8,174,025","339,300","3,183,120","4,651,605",0,"133,183","156,121","171,477","769,655","6,602,401",80.77294846,1
10/20/21,42,NJ,"14,543,675","685,500","5,577,680","8,280,495",0,"163,740","190,903","209,454","985,654","11,986,277",82.41573743,1
10/20/21,42,UT,"4,214,640","188,600","1,552,480","2,473,560",0,"131,463","162,586","185,277","1,151,940","3,612,593",85.71533986,1
10/20/21,42,AS,"68,550",600,"18,600","49,350",0,"123,094","144,143","158,040","726,473","65,357",95.34208607,1
10/20/21,42,OK,"5,186,540","256,500","2,237,900","2,692,140",0,"131,073","155,976","172,612","816,608","4,356,617",83.9985231,1
10/20/21,42,CA,"60,856,555","2,894,100","22,999,120","34,963,335",0,"154,020","180,872","198,763","1,042,400","52,756,139",86.6893287,1
10/20/21,42,MS,"3,962,095","179,400","1,649,500","2,133,195",0,"133,128","157,137","173,962","814,085","2,916,844",73.61872949,0
10/20/21,42,MD,"10,467,170","471,000","3,899,480","6,096,690",0,"173,135","202,739","222,186","1,091,020","8,300,797",79.30316408,1
10/20/21,42,NY,"30,913,935","1,427,400","11,590,440","17,896,095",0,"158,911","184,305","200,411","937,881","26,959,297",87.20758778,1
10/20/21,42,FL,"34,199,745","1,836,600","13,239,300","19,123,845",0,"159,233","182,925","198,285","760,444","27,895,167",81.56542395,1
10/20/21,42,VA2,"6,628,280","542,400","3,138,260","2,947,620",0,0,0,0,0,"5,885,582",88.79501168,1
10/20/21,42,MH,"57,140","11,300","43,500","2,340",0,"97,821","114,546","125,591","577,347","41,351",72.36786839,0